{"cameraMode":{"drawMode":0,"name":"Shaded","section":"Shading Mode"},"sceneLighting":true,"audioPlay":false,"sceneViewState":{"showFog":true,"showMaterialUpdate":false,"showSkybox":true,"showFlares":true,"showImageEffects":true,"showParticleSystems":true},"in2DMode":false,"pivot":{"x":-42.94141387939453,"y":-22.280017852783204,"z":12.173036575317383},"rotation":{"x":-0.2344571053981781,"y":0.6246030926704407,"z":-0.20442602038383485,"w":-0.7163295149803162},"size":37.39810562133789,"orthographic":false}