{"cameraMode":{"drawMode":0,"name":"Shaded","section":"Shading Mode"},"sceneLighting":true,"audioPlay":false,"sceneViewState":{"showFog":true,"showMaterialUpdate":false,"showSkybox":true,"showFlares":true,"showImageEffects":true,"showParticleSystems":true},"in2DMode":false,"pivot":{"x":4.971644401550293,"y":-11.282074928283692,"z":7.141168594360352},"rotation":{"x":-0.5112953186035156,"y":-0.486390620470047,"z":0.4658307135105133,"w":-0.5338627099990845},"size":23.060447692871095,"orthographic":false}