{"cameraMode":{"drawMode":0,"name":"Shaded","section":"Shading Mode"},"sceneLighting":true,"audioPlay":false,"sceneViewState":{"showFog":true,"showMaterialUpdate":false,"showSkybox":true,"showFlares":true,"showImageEffects":true,"showParticleSystems":true},"in2DMode":false,"pivot":{"x":7.730000019073486,"y":0.550000011920929,"z":-2.380000114440918},"rotation":{"x":-0.45515885949134829,"y":0.5423380136489868,"z":-0.46268534660339358,"w":-0.5335170030593872},"size":24.956798553466798,"orthographic":false}