{"cameraMode":{"drawMode":0,"name":"Shaded","section":"Shading Mode"},"sceneLighting":true,"audioPlay":false,"sceneViewState":{"showFog":true,"showMaterialUpdate":false,"showSkybox":true,"showFlares":true,"showImageEffects":true,"showParticleSystems":true},"in2DMode":false,"pivot":{"x":7.4157562255859379,"y":-6.246734142303467,"z":0.829399049282074},"rotation":{"x":0.23884911835193635,"y":0.6093168258666992,"z":-0.19956748187541963,"w":0.7293121218681336},"size":7.390986442565918,"orthographic":false}