{"cameraMode":{"drawMode":0,"name":"Shaded","section":"Shading Mode"},"sceneLighting":true,"audioPlay":false,"sceneViewState":{"showFog":true,"showMaterialUpdate":false,"showSkybox":true,"showFlares":true,"showImageEffects":true,"showParticleSystems":true},"in2DMode":false,"pivot":{"x":1.6825625896453858,"y":-1.104161262512207,"z":6.122967720031738},"rotation":{"x":0.28978002071380618,"y":-0.004306906368583441,"z":0.0013040285557508469,"w":0.9570828676223755},"size":4.533515453338623,"orthographic":true}