{"cameraMode":{"drawMode":0,"name":"Shaded","section":"Shading Mode"},"sceneLighting":true,"audioPlay":false,"sceneViewState":{"showFog":true,"showMaterialUpdate":false,"showSkybox":true,"showFlares":true,"showImageEffects":true,"showParticleSystems":true},"in2DMode":false,"pivot":{"x":-0.02100062370300293,"y":0.9215174913406372,"z":0.044262100011110309},"rotation":{"x":0.16116422414779664,"y":-0.039365366101264957,"z":0.006433685775846243,"w":0.9861224293708801},"size":1.2878953218460084,"orthographic":true}