{"cameraMode":{"drawMode":0,"name":"Shaded","section":"Shading Mode"},"sceneLighting":true,"audioPlay":false,"sceneViewState":{"showFog":true,"showMaterialUpdate":false,"showSkybox":true,"showFlares":true,"showImageEffects":true,"showParticleSystems":true},"in2DMode":false,"pivot":{"x":0.772207498550415,"y":-2.303159475326538,"z":3.5220298767089845},"rotation":{"x":-0.05776333436369896,"y":-0.9011853933334351,"z":0.12682244181632996,"w":-0.4104641377925873},"size":2.0460054874420168,"orthographic":false}