{"cameraMode":{"drawMode":0,"name":"Shaded","section":"Shading Mode"},"sceneLighting":true,"audioPlay":false,"sceneViewState":{"showFog":true,"showMaterialUpdate":false,"showSkybox":true,"showFlares":true,"showImageEffects":true,"showParticleSystems":true},"in2DMode":false,"pivot":{"x":9.532794952392579,"y":-6.0408549308776859,"z":-7.301844120025635},"rotation":{"x":0.7113007307052612,"y":-0.27903440594673159,"z":0.5202527046203613,"w":0.38149964809417727},"size":4.853201389312744,"orthographic":true}