{"cameraMode":{"drawMode":0,"name":"Shaded","section":"Shading Mode"},"sceneLighting":true,"audioPlay":false,"sceneViewState":{"showFog":true,"showMaterialUpdate":false,"showSkybox":true,"showFlares":true,"showImageEffects":true,"showParticleSystems":true},"in2DMode":false,"pivot":{"x":1.5538978576660157,"y":10.080623626708985,"z":18.683622360229493},"rotation":{"x":0.4459494352340698,"y":0.08303067088127136,"z":-0.0415932796895504,"w":0.8902273178100586},"size":8.80099868774414,"orthographic":true}