{"cameraMode":{"drawMode":0,"name":"Shaded","section":"Shading Mode"},"sceneLighting":true,"audioPlay":false,"sceneViewState":{"showFog":true,"showMaterialUpdate":false,"showSkybox":true,"showFlares":true,"showImageEffects":true,"showParticleSystems":true},"in2DMode":false,"pivot":{"x":-1.1669390201568604,"y":0.8915186524391174,"z":0.46212875843048098},"rotation":{"x":0.08987604826688767,"y":-0.007469529286026955,"z":0.0006740315002389252,"w":0.9959262013435364},"size":8.086867332458496,"orthographic":true}