{"cameraMode":{"drawMode":0,"name":"Shaded","section":"Shading Mode"},"sceneLighting":true,"audioPlay":false,"sceneViewState":{"showFog":true,"showMaterialUpdate":false,"showSkybox":true,"showFlares":true,"showImageEffects":true,"showParticleSystems":true},"in2DMode":false,"pivot":{"x":22.651092529296876,"y":-18.40869903564453,"z":-2.4339375495910646},"rotation":{"x":0.34400874376296999,"y":0.5671168565750122,"z":-0.28133055567741396,"w":0.6934669017791748},"size":16.919647216796876,"orthographic":true}