{"cameraMode":{"drawMode":0,"name":"Shaded","section":"Shading Mode"},"sceneLighting":true,"audioPlay":false,"sceneViewState":{"showFog":true,"showMaterialUpdate":false,"showSkybox":true,"showFlares":true,"showImageEffects":true,"showParticleSystems":true},"in2DMode":false,"pivot":{"x":0.10489273071289063,"y":0.8258951902389526,"z":-0.764739990234375},"rotation":{"x":0.05589905381202698,"y":0.9385638236999512,"z":-0.18245182931423188,"w":0.28755396604537966},"size":1.4214322566986085,"orthographic":false}