{"cameraMode":{"drawMode":0,"name":"Shaded","section":"Shading Mode"},"sceneLighting":true,"audioPlay":false,"sceneViewState":{"showFog":true,"showMaterialUpdate":false,"showSkybox":true,"showFlares":true,"showImageEffects":true,"showParticleSystems":true},"in2DMode":false,"pivot":{"x":13.621665954589844,"y":5.737822532653809,"z":-0.1803581416606903},"rotation":{"x":-0.05101896822452545,"y":-0.7181925177574158,"z":-0.052957821637392047,"w":0.691957414150238},"size":7.880049705505371,"orthographic":true}