{"cameraMode":{"drawMode":0,"name":"Shaded","section":"Shading Mode"},"sceneLighting":true,"audioPlay":false,"sceneViewState":{"showFog":true,"showMaterialUpdate":false,"showSkybox":true,"showFlares":true,"showImageEffects":true,"showParticleSystems":true},"in2DMode":false,"pivot":{"x":39.30074691772461,"y":-29.673168182373048,"z":53.03955078125},"rotation":{"x":0.2756614685058594,"y":0.21120621263980866,"z":-0.0622224323451519,"w":0.9356986880302429},"size":62.317378997802737,"orthographic":true}