{"cameraMode":{"drawMode":0,"name":"Shaded","section":"Shading Mode"},"sceneLighting":true,"audioPlay":false,"sceneViewState":{"showFog":true,"showMaterialUpdate":false,"showSkybox":true,"showFlares":true,"showImageEffects":true,"showParticleSystems":true},"in2DMode":false,"pivot":{"x":0.4473752975463867,"y":0.6886952519416809,"z":-0.20256471633911134},"rotation":{"x":0.06634388118982315,"y":0.8561564087867737,"z":-0.11367353051900864,"w":0.49967947602272036},"size":10.0,"orthographic":false}