{"cameraMode":{"drawMode":0,"name":"Shaded","section":"Shading Mode"},"sceneLighting":true,"audioPlay":false,"sceneViewState":{"showFog":true,"showMaterialUpdate":false,"showSkybox":true,"showFlares":true,"showImageEffects":true,"showParticleSystems":true},"in2DMode":false,"pivot":{"x":-3.0333690643310549,"y":2.342278480529785,"z":1.3388526439666749},"rotation":{"x":0.3522726893424988,"y":-0.0028077159076929094,"z":0.0010568249272182584,"w":0.9358923435211182},"size":2.675203800201416,"orthographic":true}