{"cameraMode":{"drawMode":0,"name":"Shaded","section":"Shading Mode"},"sceneLighting":true,"audioPlay":false,"sceneViewState":{"showFog":true,"showMaterialUpdate":false,"showSkybox":true,"showFlares":true,"showImageEffects":true,"showParticleSystems":true},"in2DMode":false,"pivot":{"x":1.8921546936035157,"y":2.651035785675049,"z":1.6575607061386109},"rotation":{"x":0.3522726893424988,"y":-0.0028077159076929094,"z":0.0010568249272182584,"w":0.9358923435211182},"size":4.454522132873535,"orthographic":true}