{"cameraMode":{"drawMode":0,"name":"Shaded","section":"Shading Mode"},"sceneLighting":true,"audioPlay":false,"sceneViewState":{"showFog":true,"showMaterialUpdate":false,"showSkybox":true,"showFlares":true,"showImageEffects":true,"showParticleSystems":true},"in2DMode":false,"pivot":{"x":-0.09730541706085205,"y":1.2576628923416138,"z":0.0629100352525711},"rotation":{"x":0.08987604826688767,"y":-0.007469529286026955,"z":0.0006740315002389252,"w":0.9959262013435364},"size":1.2167949676513672,"orthographic":true}